add,2021/05/05 15:08:59
add,2021/05/05 15:08:59
add,2021/05/05 15:08:59
add,2021/05/05 15:08:59
add,2021/05/05 15:08:59
add,2021/05/05 15:08:59
add,2021/05/05 15:08:59
add,2021/05/05 15:08:59
view,2021/05/05 15:09:04
view,2021/05/05 15:09:09
view,2021/05/05 15:09:41
exit,2021/05/05 15:09:53
add,2021/05/23 17:41:00
add,2021/05/23 17:41:00
add,2021/05/23 17:41:00
add,2021/05/23 17:41:00
add,2021/05/23 17:41:00
add,2021/05/23 17:41:00
add,2021/05/23 17:41:00
add,2021/05/23 17:41:00
add,2021/05/24 19:02:24
add,2021/05/24 19:02:24
add,2021/05/24 19:02:24
add,2021/05/24 19:02:24
add,2021/05/24 19:02:24
add,2021/05/24 19:02:24
add,2021/05/24 19:02:24
add,2021/05/24 19:02:24
add,2021/05/24 19:12:33
add,2021/05/24 19:12:33
add,2021/05/24 19:12:33
add,2021/05/24 19:12:33
add,2021/05/24 19:12:33
add,2021/05/24 19:12:33
add,2021/05/24 19:12:33
add,2021/05/24 19:12:33
add,2021/05/24 19:20:11
add,2021/05/24 19:20:11
add,2021/05/24 19:20:11
add,2021/05/24 19:20:11
add,2021/05/24 19:20:11
add,2021/05/24 19:20:11
add,2021/05/24 19:20:11
add,2021/05/24 19:20:11
add,2021/05/24 19:22:12
add,2021/05/24 19:22:12
add,2021/05/24 19:22:12
add,2021/05/24 19:22:12
add,2021/05/24 19:22:12
add,2021/05/24 19:22:12
add,2021/05/24 19:22:12
add,2021/05/24 19:22:12
add,2021/05/24 19:32:44
add,2021/05/24 19:32:44
add,2021/05/24 19:32:44
add,2021/05/24 19:32:44
add,2021/05/24 19:32:44
add,2021/05/24 19:32:44
add,2021/05/24 19:32:44
add,2021/05/24 19:32:44
add,2021/05/25 19:48:34
add,2021/05/25 19:48:34
add,2021/05/25 19:48:34
add,2021/05/25 19:48:34
add,2021/05/25 19:48:34
add,2021/05/25 19:48:34
add,2021/05/25 19:48:34
add,2021/05/25 19:48:34
add,2021/05/25 20:16:55
add,2021/05/25 20:16:55
add,2021/05/25 20:16:55
add,2021/05/25 20:16:55
add,2021/05/25 20:16:55
add,2021/05/25 20:16:55
add,2021/05/25 20:16:55
add,2021/05/25 20:16:55
add,2021/05/26 01:38:45
add,2021/05/26 01:38:45
add,2021/05/26 01:38:45
add,2021/05/26 01:38:45
add,2021/05/26 01:38:45
add,2021/05/26 01:38:45
add,2021/05/26 01:38:45
add,2021/05/26 01:38:45
add,2021/05/26 01:39:35
add,2021/05/26 01:39:35
add,2021/05/26 01:39:35
add,2021/05/26 01:39:35
add,2021/05/26 01:39:35
add,2021/05/26 01:39:35
add,2021/05/26 01:39:35
add,2021/05/26 01:39:35
add,2021/05/26 01:40:34
add,2021/05/26 01:40:34
add,2021/05/26 01:40:34
add,2021/05/26 01:40:34
add,2021/05/26 01:40:34
add,2021/05/26 01:40:34
add,2021/05/26 01:40:34
add,2021/05/26 01:40:34
add,2021/05/26 01:43:55
add,2021/05/26 01:43:55
add,2021/05/26 01:43:55
add,2021/05/26 01:45:41
add,2021/05/26 01:45:41
add,2021/05/26 01:45:41
add,2021/05/26 01:45:41
add,2021/05/26 01:45:41
add,2021/05/26 01:45:41
add,2021/05/26 01:45:41
add,2021/05/26 01:45:41
add,2021/05/26 01:48:55
add,2021/05/26 01:48:55
add,2021/05/26 01:48:55
add,2021/05/26 01:48:55
add,2021/05/26 01:48:55
add,2021/05/26 01:48:55
add,2021/05/26 01:48:55
add,2021/05/26 01:48:55
add,2021/05/26 01:52:17
add,2021/05/26 01:52:17
add,2021/05/26 01:52:17
add,2021/05/26 01:52:17
add,2021/05/26 01:52:17
add,2021/05/26 01:52:17
add,2021/05/26 01:52:17
add,2021/05/26 01:52:17
add,2021/05/26 01:52:52
add,2021/05/26 01:52:52
add,2021/05/26 01:52:52
add,2021/05/26 01:52:52
add,2021/05/26 01:52:52
add,2021/05/26 01:52:52
add,2021/05/26 01:52:52
add,2021/05/26 01:52:52
add,2021/05/26 01:55:18
add,2021/05/26 01:55:18
add,2021/05/26 01:55:18
add,2021/05/26 01:55:18
add,2021/05/26 01:55:18
add,2021/05/26 01:55:18
add,2021/05/26 01:55:18
add,2021/05/26 01:55:18
add,2021/05/26 01:55:45
add,2021/05/26 01:55:45
add,2021/05/26 01:55:45
add,2021/05/26 01:55:45
add,2021/05/26 01:55:45
add,2021/05/26 01:55:45
add,2021/05/26 01:55:45
add,2021/05/26 01:55:45
add,2021/05/26 02:00:05
add,2021/05/26 02:00:05
add,2021/05/26 02:00:05
add,2021/05/26 02:00:05
add,2021/05/26 02:00:05
add,2021/05/26 02:00:05
add,2021/05/26 02:00:05
add,2021/05/26 02:00:05
add,2021/05/26 02:00:53
add,2021/05/26 02:00:53
add,2021/05/26 02:00:53
add,2021/05/26 02:00:53
add,2021/05/26 02:00:53
add,2021/05/26 02:00:53
add,2021/05/26 02:00:53
add,2021/05/26 02:00:53
add,2021/05/26 02:05:27
add,2021/05/26 02:05:27
add,2021/05/26 02:05:27
add,2021/05/26 02:05:28
add,2021/05/26 02:05:28
add,2021/05/26 02:05:28
add,2021/05/26 02:05:28
add,2021/05/26 02:05:28
add,2021/05/26 02:10:18
add,2021/05/26 02:10:18
add,2021/05/26 02:10:18
add,2021/05/26 02:10:18
add,2021/05/26 02:10:18
add,2021/05/26 02:10:18
add,2021/05/26 02:10:18
add,2021/05/26 02:10:18
add,2021/05/26 02:12:02
add,2021/05/26 02:12:02
add,2021/05/26 02:12:02
add,2021/05/26 02:12:02
add,2021/05/26 02:12:02
add,2021/05/26 02:12:02
add,2021/05/26 02:12:02
add,2021/05/26 02:12:02
add,2021/05/26 02:17:08
add,2021/05/26 02:17:08
add,2021/05/26 02:17:08
add,2021/05/26 02:17:08
add,2021/05/26 02:17:08
add,2021/05/26 02:17:08
add,2021/05/26 02:17:08
add,2021/05/26 02:17:08
add,2021/05/26 02:22:47
add,2021/05/26 02:22:47
add,2021/05/26 02:22:47
add,2021/05/26 02:22:47
add,2021/05/26 02:22:47
add,2021/05/26 02:22:47
add,2021/05/26 02:22:47
add,2021/05/26 02:22:47
add,2021/05/26 02:25:03
add,2021/05/26 02:25:03
add,2021/05/26 02:25:03
add,2021/05/26 02:25:03
add,2021/05/26 02:25:03
add,2021/05/26 02:25:03
add,2021/05/26 02:25:03
add,2021/05/26 02:25:03
add,2021/05/26 02:25:29
add,2021/05/26 02:25:29
add,2021/05/26 02:25:29
add,2021/05/26 02:25:29
add,2021/05/26 02:25:29
add,2021/05/26 02:25:29
add,2021/05/26 02:25:29
add,2021/05/26 02:25:29
add,2021/05/26 02:27:32
add,2021/05/26 02:27:32
add,2021/05/26 02:27:32
add,2021/05/26 02:27:32
add,2021/05/26 02:27:32
add,2021/05/26 02:27:32
add,2021/05/26 02:27:32
add,2021/05/26 02:27:32
add,2021/05/26 02:28:01
add,2021/05/26 02:28:01
add,2021/05/26 02:28:01
add,2021/05/26 02:28:01
add,2021/05/26 02:28:01
add,2021/05/26 02:28:01
add,2021/05/26 02:28:01
add,2021/05/26 02:28:01
add,2021/05/26 02:34:53
add,2021/05/26 02:34:53
add,2021/05/26 02:34:53
add,2021/05/26 02:34:53
add,2021/05/26 02:34:53
add,2021/05/26 02:34:53
add,2021/05/26 02:34:53
add,2021/05/26 02:34:53
view,2021/05/26 02:36:12
add,2021/05/26 02:52:58
add,2021/05/26 02:52:58
add,2021/05/26 02:52:58
add,2021/05/26 02:52:58
add,2021/05/26 02:52:58
add,2021/05/26 02:52:58
add,2021/05/26 02:52:58
add,2021/05/26 02:52:58
view,2021/05/26 02:53:04
add,2021/05/26 03:09:00
add,2021/05/26 03:09:00
add,2021/05/26 03:09:00
add,2021/05/26 03:09:00
add,2021/05/26 03:09:00
add,2021/05/26 03:09:00
add,2021/05/26 03:09:00
add,2021/05/26 03:09:00
view,2021/05/26 03:09:17
add,2021/05/26 03:09:38
add,2021/05/26 03:09:38
add,2021/05/26 03:09:38
add,2021/05/26 03:09:38
add,2021/05/26 03:09:38
add,2021/05/26 03:09:38
add,2021/05/26 03:09:38
add,2021/05/26 03:09:38
view,2021/05/26 03:09:46
add,2021/05/26 03:21:38
add,2021/05/26 03:21:38
add,2021/05/26 03:21:38
add,2021/05/26 03:21:38
add,2021/05/26 03:21:38
add,2021/05/26 03:21:38
add,2021/05/26 03:21:38
add,2021/05/26 03:21:38
add,2021/05/26 03:23:13
add,2021/05/26 03:23:13
add,2021/05/26 03:23:13
add,2021/05/26 03:23:13
add,2021/05/26 03:23:13
add,2021/05/26 03:23:13
add,2021/05/26 03:23:13
add,2021/05/26 03:23:13
delete,2021/05/26 03:23:25
add,2021/05/26 03:27:45
add,2021/05/26 03:27:45
add,2021/05/26 03:27:45
add,2021/05/26 03:27:45
add,2021/05/26 03:27:45
add,2021/05/26 03:27:45
add,2021/05/26 03:27:45
add,2021/05/26 03:27:45
add,2021/05/26 03:27:56
add,2021/05/26 03:27:56
add,2021/05/26 03:27:56
add,2021/05/26 03:27:56
add,2021/05/26 03:27:56
add,2021/05/26 03:27:56
add,2021/05/26 03:27:56
add,2021/05/26 03:27:57
add,2021/05/26 03:28:04
add,2021/05/26 03:28:04
add,2021/05/26 03:28:04
add,2021/05/26 03:28:04
add,2021/05/26 03:28:04
add,2021/05/26 03:28:04
add,2021/05/26 03:28:04
add,2021/05/26 03:28:04
add,2021/05/26 03:29:16
add,2021/05/26 03:29:16
add,2021/05/26 03:29:16
add,2021/05/26 03:29:16
add,2021/05/26 03:29:16
add,2021/05/26 03:29:16
add,2021/05/26 03:29:16
add,2021/05/26 03:29:16
delete,2021/05/26 03:29:29
add,2021/05/26 03:30:54
add,2021/05/26 03:30:54
add,2021/05/26 03:30:54
add,2021/05/26 03:30:54
add,2021/05/26 03:30:54
add,2021/05/26 03:30:54
add,2021/05/26 03:30:54
add,2021/05/26 03:30:54
add,2021/05/26 03:31:06
add,2021/05/26 03:31:06
add,2021/05/26 03:31:06
add,2021/05/26 03:31:06
add,2021/05/26 03:31:06
add,2021/05/26 03:31:06
add,2021/05/26 03:31:06
add,2021/05/26 03:31:06
add,2021/05/26 03:31:42
add,2021/05/26 03:31:42
add,2021/05/26 03:31:42
add,2021/05/26 03:31:42
add,2021/05/26 03:31:42
add,2021/05/26 03:31:42
add,2021/05/26 03:31:42
add,2021/05/26 03:31:42
add,2021/05/26 03:32:23
add,2021/05/26 03:32:23
add,2021/05/26 03:32:23
add,2021/05/26 03:32:23
add,2021/05/26 03:32:23
add,2021/05/26 03:32:23
add,2021/05/26 03:32:23
add,2021/05/26 03:32:23
delete,2021/05/26 03:32:42
add,2021/05/26 03:33:15
add,2021/05/26 03:33:15
add,2021/05/26 03:33:15
add,2021/05/26 03:33:15
add,2021/05/26 03:33:15
add,2021/05/26 03:33:15
add,2021/05/26 03:33:15
add,2021/05/26 03:33:15
delete,2021/05/26 03:33:22
add,2021/05/26 03:35:47
add,2021/05/26 03:35:47
add,2021/05/26 03:35:47
add,2021/05/26 03:35:47
add,2021/05/26 03:35:47
add,2021/05/26 03:35:47
add,2021/05/26 03:35:47
add,2021/05/26 03:35:47
add,2021/05/26 03:36:39
add,2021/05/26 03:36:39
add,2021/05/26 03:36:39
add,2021/05/26 03:36:39
add,2021/05/26 03:36:39
add,2021/05/26 03:36:39
add,2021/05/26 03:36:39
add,2021/05/26 03:36:39
delete,2021/05/26 03:36:53
delete,2021/05/26 03:38:21
delete,2021/05/26 03:38:48
add,2021/05/26 03:59:19
add,2021/05/26 03:59:19
add,2021/05/26 03:59:19
add,2021/05/26 03:59:19
add,2021/05/26 03:59:19
add,2021/05/26 03:59:19
add,2021/05/26 03:59:19
add,2021/05/26 03:59:19
add,2021/05/26 04:00:15
add,2021/05/26 04:00:15
add,2021/05/26 04:00:15
add,2021/05/26 04:00:15
add,2021/05/26 04:00:15
add,2021/05/26 04:00:15
add,2021/05/26 04:00:15
add,2021/05/26 04:00:15
add,2021/05/26 04:02:06
add,2021/05/26 04:02:06
add,2021/05/26 04:02:06
add,2021/05/26 04:02:06
add,2021/05/26 04:02:06
add,2021/05/26 04:02:06
add,2021/05/26 04:02:06
add,2021/05/26 04:02:06
add,2021/05/26 04:02:36
add,2021/05/26 04:02:36
add,2021/05/26 04:02:36
add,2021/05/26 04:02:36
add,2021/05/26 04:02:36
add,2021/05/26 04:02:36
add,2021/05/26 04:02:36
add,2021/05/26 04:02:36
add,2021/05/26 04:03:25
add,2021/05/26 04:03:25
add,2021/05/26 04:03:25
add,2021/05/26 04:03:25
add,2021/05/26 04:03:25
add,2021/05/26 04:03:25
add,2021/05/26 04:03:25
add,2021/05/26 04:03:25
add,2021/05/26 04:04:00
add,2021/05/26 04:04:52
add,2021/05/26 04:04:52
add,2021/05/26 04:04:52
add,2021/05/26 04:04:52
add,2021/05/26 04:04:52
add,2021/05/26 04:04:52
add,2021/05/26 04:04:52
add,2021/05/26 04:04:52
add,2021/05/26 04:05:20
add,2021/05/26 04:08:25
add,2021/05/26 04:08:25
add,2021/05/26 04:08:25
add,2021/05/26 04:08:25
add,2021/05/26 04:08:25
add,2021/05/26 04:08:25
add,2021/05/26 04:08:25
add,2021/05/26 04:08:25
add,2021/05/26 04:08:43
add,2021/05/26 04:09:36
